 3 Kings | Live Resin Batter,Funk Extracts,68.97%,0.17%,$30,1 g,Attis Trading - Barbur
 Critical Mass- Rosin,Pruf Cultivar,64.8%,0%,$40,1 g,Attis Trading - Barbur
Sour Skunk,Emerald Extracts,71.1%,0%,$12.5,1 g,Attis Trading - Barbur
Grape Widow,Emerald Extracts,75.2%,0.2%,$12.5,1 g,Attis Trading - Barbur
Starduster Live Resin,Dr. Jolly's,65.31%,0%,$20,1 g,Attis Trading - Barbur
Samoas,Willamette Valley Alchemy,71.3%,0%,$20,1 g,Attis Trading - Barbur
Sugar Biscuits Live Resin,Dr. Jolly's,75.52%,0.1%,$20,1 g,Attis Trading - Barbur
Koffee Cake | Shatter,Funk Extracts,73.16%,0%,$16,1 g,Attis Trading - Barbur
Long Valley Reserve | Shatter,Funk Extracts,68.11%,0%,$16,1 g,Attis Trading - Barbur
Razzberry Lemonade,Emerald Extracts,69.7%,0.3%,$12.5,1 g,Attis Trading - Barbur
MAC,Artifact Extracts,67.75%,0%,$15,1 g,Attis Trading - Barbur
Lemon Tree,Artifact Extracts,69.7%,0.14%,$20,1 g,Attis Trading - Barbur
 Interspecies Erotica ,Artifact Extracts,74.84%,0.14%,$20,1 g,Attis Trading - Barbur
Sundae Driver X Lava Cake,Dr. Jolly's,68.47%,0%,$16,1 g,Attis Trading - Barbur
Eugreen Cakes,Dr. Jolly's,70.85%,1.8%,$16,1 g,Attis Trading - Barbur
The Flavor Man,Beehive Extracts,68.1%,0%,$12.5,1 g,Attis Trading - Barbur
Sour Nepali (Sugar Wax),Echo Electuary,78.5%,0%,$30,1 g,Attis Trading - Barbur
Chem Face OG (Zombee Budder),Echo Electuary,63.9%,0%,$30,1 g,Attis Trading - Barbur
Gorilla Snacks,Artifact Extracts,68.01%,0.15%,$20,1 g,Attis Trading - Barbur
 Banana Split,Artifact Extracts,68.21%,0.14%,$16,1 g,Attis Trading - Barbur
Gorilla Snacks (Live Resin),Echo Electuary,72.4%,0%,$40,1 g,Attis Trading - Barbur
Sour Tangie,Willamette Valley Alchemy,72.62%,0%,$20,1 g,Attis Trading - Barbur
Viola Live Resin - Banana Split,VIOLA EXTRACTS,59.75%,0.59%,$16,1 g,Attis Trading - Barbur
Viola Live Resin - Purple Kush,VIOLA EXTRACTS,60.85%,0.34%,$16,1 g,Attis Trading - Barbur
Viola Live Resin - Blue Magoo,VIOLA EXTRACTS,52.8%,0.42%,$16,1 g,Attis Trading - Barbur
Jack's Dream,DayDream Farm,71.9%,0%,$10,1 g,Attis Trading - Barbur
Space Nectar (BHO Shatter),Daydream Farm,78.9%,0%,$10,1 g,Attis Trading - Barbur
Gorilla Dream,Beehive Extracts,66.5%,0.48%,$12.5,1 g,Attis Trading - Barbur
WiFi OG,Beehive Extracts,70.4%,0.8%,$16,1 g,Attis Trading - Barbur
Lemon Sour Diesel,DayDream Farm,76.1%,0%,$10,1 g,Attis Trading - Barbur
Granola Funk,DayDream Farm,75.9%,0%,$10,1 g,Attis Trading - Barbur
Purple Punch,Beehive Extracts,66.25%,2.9%,$16,1 g,Attis Trading - Barbur
THCA Crystals ,Echo Electuary,85.8%,0%,$40,1 g,Attis Trading - Barbur
Big Widow,Emarald Extracts,82.4%,0.4%,$12.5,1 g,Attis Trading - Barbur
Animal Cookies -Live Resin,Mana Extracts,65.99%,0.1%,$20,1 g,Attis Trading - Barbur
Venom Punch - Shatter,Mana Extracts,78.78%,3.18%,$16,1 g,Attis Trading - Barbur
Blue Candy - Shatter,Mana Extracts,64.84%,0.34%,$16,1 g,Attis Trading - Barbur
Chem 91 - Live Resin,Mana Extracts,61.32%,0.25%,$16,1 g,Attis Trading - Barbur
Dosidos,Mana Extracts,62.11%,0.12%,$16,1 g,Attis Trading - Barbur
Gelato X Indiana Bubblegum - Sugar wax,Mana Extracts,75.54%,0.14%,$16,1 g,Attis Trading - Barbur
Cement Shoes,Mana Extracts,81.75%,0.25%,$16,1 g,Attis Trading - Barbur
Viola Live Resin - Mandarine Dreams,VIOLA EXTRACTS,60.25%,0.67%,$16,1 g,Attis Trading - Barbur
Cornbread,Artifact Extracts,64.32%,0.14%,$12.5,1 g,Attis Trading - Barbur
Golden Pineapple,Artifact Extracts,64.43%,0%,$20,1 g,Attis Trading - Barbur
Kush N' Cheese,Artifact Extracts,64.1%,0.14%,$12.5,1 g,Attis Trading - Barbur
Hash - Stripper Glitter ,Nugget Candy Co.,51.1%,0%,$8,1 g,Attis Trading - Barbur
Hash - Banana Split,Nugget Candy Co,51.3%,0.14%,$12,1 g,Attis Trading - Barbur
ZkittleZ,Beehive Extracts,63.95%,1.58%,$12.5,1 g,Attis Trading - Barbur
9lb Hammer,Artifact Extracts,71.52%,0.13%,$20,1 g,Attis Trading - Barbur
 Goji OG,Artifact Extracts,67.97%,0.11%,$16,1 g,Attis Trading - Barbur
Full Spectrum Bubble Hash - Tangerine Kush,Nugget Candy Co.,33.3%,0%,$8,1 g,Attis Trading - Barbur
Full Melt Bubble Hash - Strawberry Banana,Nugget Candy Co.,59.9%,0.057%,$12,1 g,Attis Trading - Barbur
Full Spectrum Bubble Hash - Frost Bite,Nugget Candy Co.,44.1%,0.38%,$8,1 g,Attis Trading - Barbur
Hash - Dream Cookies,Nugget Candy Co.,50.63%,0%,$8,1 g,Attis Trading - Barbur
 Escobar's Reserve- Diamonds,Pangaea Extracts,70.28%,0.16%,$25,1 g,Attis Trading - Barbur
 Purple Punch - Sugar Wax ,Mana Extracts,76.9%,0.8%,$20,1 g,Attis Trading - Barbur
 Cherry Limeade | Live Resin Gems,Funk Extracts,68.38%,0.13%,$35,1 g,Attis Trading - Barbur
Headstash | Live Resin Batter,Funk Extracts,70.68%,0.16%,$30,1 g,Attis Trading - Barbur
 Lemon Hashplant- Shatter,Willamette Valley Alchemy,77.8%,0%,$20,1 g,Attis Trading - Barbur
 T.I.T.S.- Shatter,Willamette Valley Alchemy,70.5%,0%,$20,1 g,Attis Trading - Barbur
Willamette Valley | Diamonds | Purple Punch,Willamette Valley Alchemy,75.2%,0%,$40,1 g,Attis Trading - Barbur
 The Wook,Beehive Extracts,63%,0.25%,$20,1 g,Attis Trading - Barbur
 Gorilla Snacks- Live Resin,Mana Extracts,65.99%,0.1%,$20,1 g,Attis Trading - Barbur
 G.S.C- Diamonds,Pangaea Extracts,65.23%,0.19%,$25,1 g,Attis Trading - Barbur
 Blue Magoo- Sugar Wax,Pangaea Extracts,66.91%,0%,$20,1 g,Attis Trading - Barbur
Conspiracy Stomper- Sugar Wax,Pangaea Extracts,77.46%,0%,$20,1 g,Attis Trading - Barbur
Scooby Mimosa- Sugar Wax,Pangaea Extracts,73.71%,0%,$20,1 g,Attis Trading - Barbur
 Platinum OG- Rosin,Pruf Cultivar,64.35%,0%,$40,1 g,Attis Trading - Barbur
Strawberry Banana- Rosin,Sumpter,61.4%,1.1%,$15,1 g,Attis Trading - Barbur
Cartridge | Farmer's Friend Extracts: Samoas,Farmer's Friend Extracts   |   FFEPDX  ,72.88%,0.26%,$23,1 g,Bridge City - SE
Tree Honey | Chernobyl,Unknown Brand,66.7%,0.4%,$10,1 g,Bridge City - SE
Tree Honey | Durban Poison,Unknown Brand,60.8%,0.5%,$10,1 g,Bridge City - SE
Tree Honey | 'GG' #4,Unknown Brand,62.4%,0.3%,$10,1 g,Bridge City - SE
Tree Honey | Kosher Chem,Unknown Brand,62.35%,1.4%,$10,1 g,Bridge City - SE
Cartirdge | Avitas: Alpha Blue,Avitas,84.7%,0%,$24,.5g,Bridge City - SE
Cartridge | Avitas Live Resin: Blue City D...,Avitas,77%,0%,$44,1 g,Bridge City - SE
Cartridge | Avitas Live Resin: Orange Thai,Avitas,71.2%,0%,$44,1 g,Bridge City - SE
Cartridge | Avitas Live Resin: Strawberry ...,Avitas,78%,0%,$28,½ g,Bridge City - SE
Cartridge | Avitas Ultra: Brian Berry Cough,Avitas,88%,0%,$28,½ g,Bridge City - SE
**All Prices Shown Are Before Tax**,Unknown Brand,0%,0%,$12,1 g,Bridge City - SE
Beehive | Dawg X OG | Terp Wax,Unknown Brand,0%,0%,$28,1 g,Bridge City - SE
Beehive Extracts | Savage Pheonix Live Resin,Beehive Extracts,0%,0%,$14,1 g,Bridge City - SE
Buddies | Kimbo Kush x Lemon Drop Terp Sugar,Buddies Brand,73.2%,0.36%,$20,½ g,Bridge City - SE
Cartirdge | Avitas Holiday Blends: Glitter...,Avitas,0%,0%,$36,1 g,Bridge City - SE
Cartirdge | Avitas Holiday Blends: Sugar &...,Avitas,0%,0%,$44,1 g,Bridge City - SE
Cartridge | Avitas: Pennywise,Avitas,37.7%,37.5%,$44,1 g,Bridge City - SE
Cartridge | Avitas: Purple Harie Tsu,Avitas,33.6%,28.9%,$24,½ g,Bridge City - SE
Cartridge | Avitas: Savage Mendo,Avitas,80.5%,0%,$24,½ g,Bridge City - SE
Cartridge | Avitas: Strawberry Fields,Avitas,84.9%,0%,$40,1 g,Bridge City - SE
Cartridge | Avitas Ultra: MK Ultra,Avitas,86.6%,0%,$28,½ g,Bridge City - SE
Cartridge | Avitas Ultra: Sour Lime,Avitas,89.7%,0%,$44,1 g,Bridge City - SE
Cartridge | Avitas Ultra: Starfields,Avitas,89.9%,0%,$24,.5g,Bridge City - SE
Cartridge | Avitas: ACDC,Unknown Brand,12.4%,60.2%,$24,½ g,Bridge City - SE
Cartridge | Avitas: Blue City Diesel,Avitas,76.1%,0%,$24,½ g,Bridge City - SE
Cartridge | Avitas: Dragon OG,Avitas,0%,0%,$24,½ g,Bridge City - SE
Cartridge | Avitas: Oregon Pinot,Avitas,78%,0%,$24,.5g,Bridge City - SE
Cartridge | Buddies: Mango Haze,Buddies Brand,87.2%,2.43%,$25,½ g,Bridge City - SE
Cartridge | Buddies: Super Sour Diesel,Buddies Brand,85.2%,0%,$25,½ g,Bridge City - SE
Cartridge | Buddies Purple Hindu Kush,Buddies Brand,80.51%,0.6%,$25,½ g,Bridge City - SE
Cartridge | Buddies: Disco Funk,Buddies Brand,93%,0%,$28,½ g,Bridge City - SE
Cartridge | Buddies: Disco Funk Live Resin,Buddies Brand,75%,0.26%,$28,½ g,Bridge City - SE
Cartridge | Buddies: Dogwalker Kookies Liv...,Buddies Brand,74.6%,0.26%,$25,½ g,Bridge City - SE
Cartridge | Buddies: Grape Pie,Buddies Brand,92.4%,0%,$40,1 g,Bridge City - SE
Cartridge | EVOLVD: Hawaiian Diesel,EVOLVD,83.21%,0.15%,$35,½ g,Bridge City - SE
Cartridge | Evolvd; Marmalade,EVOLVD,88.92%,0.23%,$35,½ g,Bridge City - SE
Cartridge | Evolvd; Peaches & Cream,EVOLVD,73.37%,8.49%,$35,½ g,Bridge City - SE
Cartridge | Evolvd; Sweet Tooth,EVOLVD,72.97%,10.62%,,,Bridge City - SE
Cartridge | Buddies: Venom,Buddies Brand,46.7%,43.4%,$28,½ g,Bridge City - SE
Cartridge | Evolvd: G.G#4 (Distillate),EVOLVD,90.23%,0%,$28,½ g,Bridge City - SE
Willamette Valley Alchemy | Sour Tangie,Willamette Valley Alchemy,72.62%,0%,$20,1 g,Bridge City - SE
Tinctures | Sky Blend (High THC),Luminous Botanicals,0%,0%,$5,0.8 ml,Bridge City - SE
Topical | Dew Senusal Spray (1:1),Luminous Botanicals,125%,125%,$30,each,Bridge City - SE
Topical | Dew Senusal Spray (High THC),Luminous Botanicals,225%,25%,$30,10 ml,Bridge City - SE
Willamette Valley Alchemy | Sah-moas,Willamette Valley Alchemy,71.3%,0%,$20,1 g,Bridge City - SE
Select Elite Weekender - J1 0.3g Disposabl...,Select Oil & CBD,92.4%,0%,$25,0.3 g,Bridge City - SE
Select Elite Weekender - Quantum Kush 0.3g...,Select Oil & CBD,92.1%,0%,$25,0.3 g,Bridge City - SE
Select Elite Weekender - Star Killer 0.3g ...,Select Oil & CBD,92.7%,0%,$25,0.3 g,Bridge City - SE
Tinctures | Earth Blend (High CBD),Luminous Botanicals,0%,0%,$5,0.8 ml,Bridge City - SE
Tinctures | Meadow Blend (1:1),Luminous Botanicals,0%,0%,$5,0.8 ml,Bridge City - SE
Pax Era Pod | Gelato .5g,Unknown Brand,0%,0%,$35,½ g,Bridge City - SE
Pax Era Pod | Headbanger,PAX,76%,0%,$40,½ g,Bridge City - SE
Pax Era Pod | Mimosa,PAX,62.7%,0%,$40,½ g,Bridge City - SE
Pax Era Pod | The Grape Gatsby,PAX,64%,0%,$40,½ g,Bridge City - SE
Pax Era Pod | Willamette Valley Alchemy | ...,PAX,66.38%,0%,$45,½ g,Bridge City - SE
Pax Era Pod | Willamette Valley Alchemy | ...,PAX,69.8%,0%,$45,½ g,Bridge City - SE
Oregon Genetics | Cinex X Jet Fuel Live Re...,OG Cannabis ,70.5%,0.25%,$24,1 g,Bridge City - SE
Oregon Genetics | Super Sour Diesel Live R...,Unknown Brand,0%,0%,$24,1 g,Bridge City - SE
Pax Era Pod | Alien Rift Sauce +| .5g,PAX,59.7%,0%,$40,½ g,Bridge City - SE
Pax Era Pod | Buddies: Mint G.S.C.,Buddies Brand,68.6%,0%,$30,½ g,Bridge City - SE
Pax Era Pod | Buddies: Northern Lights x A...,Buddies Brand,69.1%,0%,$32,½ g,Bridge City - SE
FECO (RSO) High THC,GENESIS PHARMS,0%,0%,$30,1 g,Bridge City - SE
Mana Extracts | Blue Magoo Pull & Snap,Mana Extracts,67.68%,0.11%,$14,1 g,Bridge City - SE
Mana Extracts | Chocolope Shatter,Mana Extracts,75.01%,0.23%,$20,1 g,Bridge City - SE
Oregon Genetics | Blue City Diesel Live Re...,Unknown Brand,76.73%,0.14%,$24,1 g,Bridge City - SE
Mana Extracts | SFV OG Shatter,Mana Extracts,71.91%,0.21%,$14,1 g,Bridge City - SE
Oregon Genetics | Alien OG Live Resin,OG Cannabis ,60.43%,0.25%,$24,1 g,Bridge City - SE
FECO (RSO) | CBD,Siskiyou Sungrown,2.83%,59.73%,$40,1 g,Bridge City - SE
FECO (RSO) | Farmer's Friend Extracts: Gor...,Farmer's Friend Extracts   |   FFEPDX  ,71%,0.23%,$20,1 g,Bridge City - SE
FECO (RSO) | Farmer's Friend Extracts: Jae...,Farmer's Friend Extracts   |   FFEPDX  ,73.3%,0.15%,$20,1 g,Bridge City - SE
FECO (RSO) | Farmer's Friend Extracts: Men...,Farmer's Friend Extracts   |   FFEPDX  ,77%,0.34%,$20,1 g,Bridge City - SE
FECO (RSO) 1:1 THC : CBD,GENESIS PHARMS,303.3%,335.2%,$40,1 g,Bridge City - SE
FECO (RSO) High CBD,GENESIS PHARMS,0%,0%,$35,1 g,Bridge City - SE
Cartridge | Golden Goose: Strawberry Cough...,Unknown Brand,23.5%,53.09%,$46,1 g,Bridge City - SE
Dr Jolly's | Cicero Haze Keif,Unknown Brand,0%,0%,$12,1 g,Bridge City - SE
Cartridge | Farmer Friend Extracts: Astral...,Farmer's Friend Extracts   |   FFEPDX  ,77.4%,0.14%,$15,½ g,Bridge City - SE
Cartridge | Farmer Friend Extracts: Blue Z...,Farmer's Friend Extracts   |   FFEPDX  ,81.9%,0.25%,$23,1 g,Bridge City - SE
Cartridge | Farmer Friend Extracts: Lemon ...,Farmer's Friend Extracts   |   FFEPDX  ,75.18%,0.43%,$22,1 g,Bridge City - SE
Cartridge | Farmer's Friend Extracts: Mend...,Farmer's Friend Extracts   |   FFEPDX  ,75.7%,0%,$23,1 g,Bridge City - SE
Cartridge | Golden Goose: Blue Dream 3:1 CBD,Unknown Brand,18.27%,59.77%,$46,1 g,Bridge City - SE
Cartridge | Golden Goose: Marionberry kush...,Unknown Brand,36.62%,40.85%,$46,1 g,Bridge City - SE
Dreamtime #4,NW KIND,71.3%,0%,$20,1 gram,Nectar - Barbur
Forum x Huckleberry Diesel ,NW KIND,72.48%,0%,$30,1 gram,Nectar - Barbur
J-1,NW KIND,68.29%,0%,$30,1 gram,Nectar - Barbur
Blueberry Cheesecake,NW KIND,69.68%,0%,$35,1 gram,Nectar - Barbur
Bruce City Diesel Rosin,Karma Originals,67.87%,0.08%,$44,1 gram,Nectar - Barbur
Cherry Misu,Hush,62%,0.55%,$44,1 gram,Nectar - Barbur
Dawg Daze,Hush,63%,0.98%,$40,1 gram,Nectar - Barbur
Dog Walker,Oregon Grown Extractions,80.5%,0%,$40,1 gram,Nectar - Barbur
Dream Queen,Hush,61.2%,0.645%,$20,1 gram,Nectar - Barbur
Sour Diesel ,Dab Factory,67.2%,0%,$20,1 gram,Nectar - Barbur
Tres Dawg ,Willamette Valley Alchemy,74.7%,0%,$20,1 gram,Nectar - Barbur
Welch's Wonder,Dr. Jolly's ,76.07%,0.16%,$40,1 gram,Nectar - Barbur
White Tahoe Cookies ,White Label Extracts,74.25%,0%,$40,1 gram,Nectar - Barbur
Agent Orange,Oregon Grown Extractions,78.1%,0.2%,$20,1 gram,Nectar - Barbur
Black Lime Reserve (Diamond Sauce),Buddies Brand,64.2%,0.64%,$20,1 gram,Nectar - Barbur
Blue Mango BHO,Xhale,73.5%,0.69%,$35,1 gram,Nectar - Barbur
Mt. Strawberry ,Dr. Jolly's,63.63%,0.09%,$25,1 gram,Nectar - Barbur
OG Kush LR,Cultivated Industries,63.6%,0.36%,$20,1 gram,Nectar - Barbur
Purple Vapor LR,White Label Extracts,67.6%,0%,$20,1 gram,Nectar - Barbur
Scott's OG,White Label Extracts,78.83%,0%,$30,1 gram,Nectar - Barbur
SFV OG ,Willamette Valley Alchemy,72.1%,0%,$30,1 gram,Nectar - Barbur
Heavy Ooey Gooey,Dab Factory,35.66%,3.21%,$30,1 gram,Nectar - Barbur
Jet Feul,Dr. Jolly's,71.64%,0.15%,$30,1 gram,Nectar - Barbur
Lemon Sour Jet Feul ,Dr. Jolly's ,70.69%,0.05%,$15,1 gram,Nectar - Barbur
Mandarin Cooks ,Oregrown,85%,0%,$15,1 gram,Nectar - Barbur
Moon Puppies,Willamette Valley Alchemy,79.28%,0%,$25,1 gram,Nectar - Barbur
Chemberry,Deltra Mantra ,68.85%,0%,$20,1 gram,Nectar - Barbur
Chemdawg #4,White Label Extracts,68.38%,0%,$52,1 gram,Nectar - Barbur
cherry chem,White Label Extracts,73.9%,0%,$52,1 gram,Nectar - Barbur
Cookie Dough,White Label Extracts,72.13%,0%,$20.84,½ gram,Nectar - Barbur
Golden Gorilla ,Oregrown,77.7%,1.5%,$20.84,½ gram,Nectar - Barbur
Banana Split LR,White Label Extracts,82.2%,0%,$52,1 gram,Nectar - Barbur
Blueberry Pie,Cultivated Industries,63.01%,0%,$20,1 gram,Nectar - Barbur
Blue magoo HC,White Label Extracts,69.69%,0%,$52,1 gram,Nectar - Barbur
Strawberry Fields,Avitas,74.2%,1.85%,$52,1 gram,Nectar - Barbur
AC/DC Disposable,Green Dragon Extracts,11.3%,69.2%,$52,1 gram,Nectar - Barbur
The Doctor,White Label Extracts,78.6%,0%,$20,1 gram,Nectar - Barbur
Everything Nice,Avitas,75%,0%,$20,1 gram,Nectar - Barbur
Sugar and Spice,Avitas,68.7%,2.07%,$20,1 gram,Nectar - Barbur
Sour Tangie x Grape Stomper,White Label Extracts,81.01%,0%,$20,1 gram,Nectar - Barbur
Diesel Cooks - Nectar,Oregrown,63.9%,0%,$28,½ gram,Nectar - Barbur
Deschutes Durban Caviar,Oregrown,87.2%,0%,$28,½ gram,Nectar - Barbur
Cherry Misu,Hush,62%,0.35%,$20,1 gram,Nectar - Barbur
Dawg Daze,Hush,63%,0.98%,$20,1 gram,Nectar - Barbur
Sensi Star,Mojave,70.4%,0.86%,$20,1 gram,Nectar - Barbur
Alien Rift NR,Oregrown,60.7%,0%,$20,1 gram,Nectar - Barbur
Wookie Girl 91,White Label Extracts,75.84%,0%,$20,1 gram,Nectar - Barbur
White 99,White Label Extracts,75.48%,0%,$20,1 gram,Nectar - Barbur
Uk Cheese x Green Crack,NW KIND,78.9%,0%,$10,1 gram,Nectar - Barbur
Sour Banana-Diamonds,Oregrown,89.5%,0%,$50,1 gram,Nectar - Barbur
Strawberry M ,Hush,63.1%,1.11%,$10,1 gram,Nectar - Barbur
SFV x Chemdawg Diamonds,Oregon Genetics,67.43%,0.15%,$50,1 gram,Nectar - Barbur
Pineapple Express,Oregon Grown Extracts ,76%,0.3%,$20,1 gram,Nectar - Barbur
Rude Boi - Nectar,Oregrown,63.8%,0.2%,$20,1 gram,Nectar - Barbur
LA Cheese,Hush,62.9%,2.1%,$20,1 gram,Nectar - Barbur
Meteorite - Sativa,Precision Alchemy,44.4%,0%,$20,1 gram,Nectar - Barbur
Diesel Cooks - NR,Oregrown,68.4%,0%,$10,1 gram,Nectar - Barbur
Dream Queen ,Hush,61.2%,0.65%,$10,1 gram,Nectar - Barbur
LA Cheese,Hush,62.9%,2.1%,$13,1 gram,Nectar - Barbur
Lavender ,Oregon Grown Extractions,75.7%,0%,$13,1 gram,Nectar - Barbur
Meteorite-Hybrid,Precision Alchemy,40.4%,0%,$16,1 gram,Nectar - Barbur
Mickey Kush,NW KIND,71.3%,0%,$16,1 gram,Nectar - Barbur
Oaxcan Jager,NW KIND,69.4%,0%,$30,1 gram,Nectar - Barbur
Scouts honor,NW KIND,70.3%,0%,$30,1 gram,Nectar - Barbur
SFV OG Rosin,Karma Originals,71.14%,0.03%,$17,1 gram,Nectar - Barbur
Strawberry M,Hush,63.1%,1.11%,$17,1 gram,Nectar - Barbur
Vortex (Diamond Sauce),Buddies Brand,76.3%,0.37%,$20,1 gram,Nectar - Barbur
XJ-13,NW KIND,73.2%,0.92%,$20,1 gram,Nectar - Barbur
Agent Orange ,Oregon Grown Extractions,78.3%,1.2%,$17,1 gram,Nectar - Barbur
Amherst Sour Diesel ,White Label Extracts,75.35%,0%,$17,1 gram,Nectar - Barbur
Blue Light Special ,White Label Extracts,74.46%,0.39%,$35,1 gram,Nectar - Barbur
Bubba 99,White Label Extracts,78.93%,0%,$35,1 gram,Nectar - Barbur
Cinex ,Select Oil & CBD,92.9%,0.67%,$13,1 gram,Nectar - Barbur
Huckleberry Diesel ,Oregon Grown Extractions,75.7%,2%,$13,1 gram,Nectar - Barbur
Lady Daze,White Label Extracts,73.24%,0%,$25,1 gram,Nectar - Barbur
Orange Fire,White Label Extracts,75.74%,0%,$25,1 gram,Nectar - Barbur
Pineapple Trainwreck,Gold Moon,76.3%,0%,$20,1 gram,Nectar - Barbur
Platinum Gelato,Oregon Grown Extractions,77.9%,0.5%,$20,1 gram,Nectar - Barbur
South Fork Kush 56,White Label Extracts,71.05%,0%,$10,1 gram,Nectar - Barbur
The Vision,White Label Extracts,73.5%,0%,$10,1 gram,Nectar - Barbur
Super Skunk,Applegate Valley Organics,56.5%,0%,$15,½ gram,Nectar - Barbur
T.I.T.S Live Resin ,Permaculture Solutions,68.86%,0.15%,$40,1 gram,Nectar - Barbur
Tangie,Hush,62.8%,0.77%,$40,1 gram,Nectar - Barbur
Thin Mint Dabbable,Nectar,62.1%,1.76%,$17,1 gram,Nectar - Barbur
Trinity Dabbable,Select Oil & CBD,75.4%,0%,$17,1 gram,Nectar - Barbur
Maverick Dabbable,Nectar,61.1%,1.23%,$50,1 gram,Nectar - Barbur
Ogre BHO,Applegate Valley Organics,63.7%,0.79%,$50,1 gram,Nectar - Barbur
Sour Tangie Dabbable,Select Oil & CBD,94.9%,0.41%,$50,1 gram,Nectar - Barbur
Space Needle Dabbable,Select Oil & CBD,82.9%,0.25%,$50,1 gram,Nectar - Barbur
Summer Breeze,VIOLA EXTRACTS,67.4%,0%,$15,½ gram,Nectar - Barbur
Granddaddy Purple LR,NW KIND,67.34%,0%,$20,1 gram,Nectar - Barbur
Grape A Dabbable,Nectar,59.6%,0.47%,$20,1 gram,Nectar - Barbur
Hot Rod,White Label Extracts,69.41%,0%,$24,1 gram,Nectar - Barbur
Ice Cream Cake,Willamette Valley Alchemy,72.6%,0%,$24,1 gram,Nectar - Barbur
Lavender NR,Oregon Grown Extractions,73.04%,0.2%,$16,1 gram,Nectar - Barbur
Mandarin Madness,Gold Moon,75.4%,0%,$16,1 gram,Nectar - Barbur
Tropical Knockout,Gold Moon,75.4%,0%,$20,1 gram,Nectar - Barbur
Berry Boom,Gold Moon,76.3%,0%,$20,1 gram,Nectar - Barbur
Blue Dream Dabbable,Nectar,58.5%,0%,$20,1 gram,Nectar - Barbur
Cinex Diamonds,Oregon Genetics,71.7%,0.13%,$25,½ gram,Nectar - Barbur
Critical Mass,NW KIND,67.07%,0%,$25,½ gram,Nectar - Barbur
Ghost Train Haze Dabbable,Nectar,61.2%,1.11%,$40,1 gram,Nectar - Barbur
South Fork Kush #56 Sugar Sauce,White Label Extracts,71.05%,0%,$25,½ gram,Nectar - Barbur
Cookie Dough,Oregon Genetics,65.3%,0.13%,$50,1 gram,Nectar - Barbur
Fire OG,Oregon Grown Extractions,69.6%,0.3%,$20,1 gram,Nectar - Barbur
Orange Fire Sugar Sauce,White Label Extracts,75.74%,0%,$24,1 gram,Nectar - Barbur
Rascal OG,Gilt,64.7%,0.8%,$25,½ gram,Nectar - Barbur
Zkittle ,NW KIND,70%,0%,$25,1 gram,Nectar - Barbur
Cinex LR,Oregon Genetics,67.48%,0.13%,$25,1 gram,Nectar - Barbur
Blueberry Cookies LR,Applegate Valley Organics,59.3%,10%,$20,1 gram,Nectar - Barbur
Fire Alien Urkle,Gilt,63.9%,0%,$20,1 gram,Nectar - Barbur
Katsu Bubba Kush Shatter,White Label Extracts,80.3%,0%,$24,1 gram,Nectar - Barbur
***PLEASE INCLUDE AN ADDITIONAL 20% TAX FO...,Unknown Brand,0%,0%,$40,½ g,Zion
Huckleberry Sauce 0.5g Pax Pod (Oregrown),Unknown Brand,43.5%,0.3%,$40,½ g,Zion
Fire OG Sauce 0.5g Pax Pod (Oregrown),Unknown Brand,50.2%,0%,$40,½ g,Zion
Deadhead OG Sauce 0.5g Pax Pod (Oregrown),Unknown Brand,61.3%,0%,$40,½ g,Zion
Golden Cooks Sauce 0.5g Pax Pod (Oregrown),Unknown Brand,63%,3.2%,$40,½ g,Zion
Galactic Cooks 0.5g Pax Pod (Oregrown),Unknown Brand,65.5%,0%,$42,½ g,Zion
Lemon Berry Sauce 0.5g Pax Pod (Oregrown),Unknown Brand,64.4%,3.3%,$40,½ g,Zion
Deschutes River Durban 0.5g Pax Pod (Oregr...,Unknown Brand,70.7%,2.4%,$40,½ g,Zion
Mimosa Sauce 0.5g Pax Pod (Oregrown),Unknown Brand,62.7%,0%,$40,½ g,Zion
Pineapple Pomegranate Sauce 0.5g Pax Pod (...,Unknown Brand,69.4%,0%,$40,1 g,Zion
The Grape Gatsby Sauce 0.5g Pax Pod (Oregr...,Unknown Brand,64%,0%,$40,½ g,Zion
Oregon Diesel Sauce 0.5g Pax Pod (Oregrown),Unknown Brand,67.9%,0%,$40,½ g,Zion
Golden Alien Sauce 0.5g Pax Pod (Oregrown),Unknown Brand,67.5%,0%,$40,½ g,Zion
Alien Rift Sauce 0.5g Pax Pod (Oregrown),Unknown Brand,59.7%,0%,$40,½ g,Zion
Deschutes River Durban + CBD Sauce 0.5g Pa...,Unknown Brand,34.6%,30.4%,$40,½ g,Zion
Blue Slymer 0.5g Pax Pod (Oregrown),Unknown Brand,70.4%,0%,$40,1 g,Zion
Mango Apple Kush 0.5g Pax Pod (Oregrown),Unknown Brand,72.5%,0%,$40,½ g,Zion
Wonderland 0.5g Pax Pod (Oregrown),Unknown Brand,64.9%,5%,$35,½ g,Zion
Pineapple D8 0.5g Pax Pod (Oregrown),Unknown Brand,5.3%,0%,$46,½ g,Zion
Rude Boi Live Resin 0.5g Pax Pod (Oregrown),Unknown Brand,64.1%,1.7%,$35,½ g,Zion
Daiquiri 0.5g Pax Pod (Oregrown),Unknown Brand,71.1%,0%,$35,1 g,Zion
Passion Fruit 0.5g Pax Pod (Oregrown),Unknown Brand,73.5%,0.3%,$35,½ g,Zion
Ghost OG 0.5g Pax Pod (Oregrown),Unknown Brand,74.2%,0%,$35,½ g,Zion
Wedding Cake 0.5g Pax Pod (Oregrown),Unknown Brand,80.3%,0%,$35,½ g,Zion
Wild Blueberry 0.5g Pax Pod (Oregrown),Unknown Brand,79.3%,0%,$42,½ g,Zion
Blueberry Cookies 0.5g Pax Pod,Toko,84.8%,0%,$42,½ g,Zion
Sage OG 0.5g Pax Pod,Toko,84.8%,0%,$50,½ g,Zion
Llama Kush 0.5g Pax Pod,Toko,5%,62.6%,$50,½ g,Zion
Silvertip 0.5g Pax Pod,Toko,74.4%,0%,$12.5,1 g,Zion
Rogue Cheddar 1g P. Snap (Hood Oil),Unknown Brand,60.5%,0%,$12.5,1 g,Zion
Chocolate Haze (Hood Oil),Unknown Brand,64.6%,0%,$12.5,1 g,Zion
Orange Crush Shatter (Hood Oil),Unknown Brand,63.9%,0%,$12.5,1 g,Zion
Sunset Sherbert Shatter (Hood Oil),Unknown Brand,66.3%,0%,$12.5,1 g,Zion
Durban Wreck (Hood Oil),Unknown Brand,64.8%,2.8%,$12.5,1 g,Zion
Blue City Diesel (Hood Oil),Unknown Brand,62.1%,0%,$12.5,1 g,Zion
Superstitious Shatter (Hood Oil),Unknown Brand,56.1%,0%,$12.5,1 g,Zion
Space Monkey Shatter (Hood Oil),Unknown Brand,62.5%,0%,$12.5,1 g,Zion
OG Kush Shatter (Hood Oil),Unknown Brand,67.1%,0%,$12.5,1 g,Zion
Sour Tangie Shatter (Hood Oil),Unknown Brand,64%,0%,$17,1 g,Zion
Donkey Punch Shatter (Hood Oil),Unknown Brand,70.1%,0%,,,Zion
Bubba Skunk 1g Shatter,Dab Society Extracts,68.6%,2.1%,$20,1 g,Zion
Medi Haze 0.5g Shatter,Dab Society Extracts,17%,59.2%,$10,½ g,Zion
Strawberry Cough Live Resin (Bobsled),Unknown Brand,88.6%,0%,$20,1 g,Zion
Citrus Sap Live Resin (Bobsled),Unknown Brand,74.6%,0.1%,$20,1 g,Zion
Orange Cookies Live Resin (Bobsled),Unknown Brand,72%,0.1%,$20,1 g,Zion
Strawberry Watermelon Live Resin (Bobsled),Unknown Brand,73.8%,0.1%,$20,1 g,Zion
Alien Apricot Live Resin (Bobsled),Unknown Brand,73.8%,0.1%,$20,1 g,Zion
Black Jack Live Resin (Bobsled),Unknown Brand,74.5%,0.2%,$20,1 g,Zion
Now N' Later LIve Resin (Bobsled),Unknown Brand,75.2%,0.1%,$20,1 g,Zion
G.G.12 Live Resin (Bobsled),Unknown Brand,67.8%,0.1%,$20,1 g,Zion
Ultra Violet Live Resin (Bobsled),Unknown Brand,69.8%,0.1%,$20,1 g,Zion
Double Motor Boat Live Resin (Bobsled),Unknown Brand,81.2%,0.1%,$20,1 g,Zion
Star Kush Diamonds (Bobsled),Unknown Brand,79.8%,0%,$30,1 g,Zion
Lemon OG Diamonds (Bobsled),Unknown Brand,77.5%,0%,$30,1 g,Zion
Headband 0.5g Pax Pod,Select Oil & CBD,80.3%,1.2%,$35,½ g,Zion
Allen Wrench 0.5g Pax Pod,Select Oil & CBD,85.3%,0.3%,$35,½ g,Zion
Cannatonic CBD 1:1 1g Cartridge (Elite),Select Oil & CBD,0%,0%,$50,1 g,Zion
ACDC 1G Cartridge (Elite),Select Oil & CBD,56.8%,25.1%,$50,1 g,Zion
Hashberry 1g Cartridge (Elite),Select Oil & CBD,85.7%,0.3%,$42,1 g,Zion
Platinum Kush 1g Cartridge (Elite),Select Oil & CBD,83.7%,0.2%,$42,1 g,Zion
Blueberry Kush 1g Cartridge (Elite),Select Oil & CBD,96.5%,0.8%,$42,1 g,Zion
BB 1g Cartridge (Elite),Select Oil & CBD,82.1%,0.2%,$42,1 g,Zion
Qrazy Train 1g Cartridge (Elite),Select Oil & CBD,89.6%,0%,$42,1 g,Zion
Black Betty 1g Cartridge (Elite),Select Oil & CBD,88.4%,0.6%,$42,1 g,Zion
Shaman 1g Cartridge (Elite),Select Oil & CBD,87.2%,0%,$42,1 g,Zion
Cinex 1g Cartridge (Elite),Select Oil & CBD,92.9%,0.7%,$42,1 g,Zion
White Nightmare 1g Cartridge (Elite),Select Oil & CBD,87.2%,0.2%,$42,1 g,Zion
The HOG 1g Cartridge (CO2),Select Oil & CBD,66%,7.5%,$35,1 g,Zion
Purple Trainwreck 1g Cartridge (CO2),Select Oil & CBD,68.4%,0%,$35,1 g,Zion
Sour Diesel 1G Cartridge (CO2),Select Oil & CBD,66.8%,0.3%,$35,1 g,Zion
Cooks Kush 0.5g Cartridge (Elite),Select Oil & CBD,88.9%,0.9%,$25,½ g,Zion
Blue Dream 0.5g Cartridge (Elite),Select Oil & CBD,91.9%,2.8%,$25,½ g,Zion
NYPD 0.5g Cartridge (Elite),Select Oil & CBD,89.3%,1.4%,$25,½ g,Zion
Purple Hindu Kush 1g Live Resin Cartridge,Dab Society Extracts,76.4%,1.2%,$42,1 g,Zion
Lemon Meringue 1g Live Resin Cartridge,Dab Society Extracts,78.6%,1.2%,$42,1 g,Zion
Lemon 1g Live Resin Cartridge,Dab Society Extracts,82.9%,0%,$42,1 g,Zion
Tangelo 1g Live Resin Cartridge,Dab Society Extracts,81.9%,0%,$42,1 g,Zion
CBD Blend .5g Pen (Select Strains),Select Oil & CBD,0%,50%,$30,.5,Zion
Quantum Kush Disposable (Elite),Select Oil & CBD,88.1%,0%,$16.67,0.3 3,Zion
Training Day Disposable (Elite),Select Oil & CBD,86.6%,0.4%,$16.67,0.3 3,Zion
Golden Pineapple Disposable (Elite),Select Oil & CBD,85.6%,0.3%,$16.67,0.3 3,Zion
Josh D. OG 1g Live Resin THCA Crystals [Ec...,Echo Electuary,80.4%,0%,$50,1 g,Virtue Supply
Lemon Tree 1g Live Resin [Dirty Arm Farm],Dirty Arm Farm,68.4%,0%,$45,1 g,Virtue Supply
Island Girl #11 Live Rosin [Rolen Stone] ,Rolen Stone Extracts,70.63%,0.23%,$72.5,1 g,Virtue Supply
Punch Breath 6Star Rosin 1G [HappyCabbage],Happy Cabbage Farms,68%,0.78%,$20,1 g,Virtue Supply
South Fork Kush #56 Sugar Sauce [White Lab...,White Label Extracts,71.05%,0%,$20,1 g,Virtue Supply
Skunk Herer BHO Shatter [NW KIND] ,NW KIND,73.37%,0%,$20,1 g,Virtue Supply
Pal-Patine 1g Nug Run Terp Sugar,Buddies Brand,66%,0.67%,$25,1 g,Virtue Supply
Blood Orange 1g Live Resin [Buddies],Buddies Brand,71.9%,2.07%,$20,1 g,Virtue Supply
Mandarin Mimosa Shatter [Artifact] ,Artifact Extracts,75.22%,0.14%,$72.5,1 g,Virtue Supply
Purple Starburst OG 6 Star Rosin 1g [Happy...,Happy Cabbage Farms,71%,1.26%,$64.17,1 g,Virtue Supply
Purple Petals 1st Pulls Rosin 1g [Happy Ca...,Happy Cabbage Farms,67%,1.1%,$54.17,1 g,Virtue Supply
Estate Blend Rosin 1G [Happy Cabbage],Happy Cabbage Farms,68.4%,0.6%,$58.34,1 g,Virtue Supply
Purple Gelato 1st Pulls Rosin 1g [Happy Ca...,Happy Cabbage Farms,70.1%,0.32%,$20,1 g,Virtue Supply
Mama's Cookiez 1g BHO Wax [CBDisovery],CBDiscovery,69.29%,0%,$20,1 g,Virtue Supply
Sno 1h BHO Wax [CBDiscovery],CBDiscovery,69.49%,0%,$40,1 g,Virtue Supply
Dosi 1g Live Resin Sugar [The Lab],The Lab,82.8%,0%,$72.5,1 g,Virtue Supply
White Tahoe Cookies 6Star Rosin 1G [Happy ...,Happy Cabbage Farms,68%,0.14%,$40,1 g,Virtue Supply
Original Glue (f.k.a. GG4) Live Sauce [Wil...,Willamette Valley Alchemy,72.5%,0%,$16.67,1 g,Virtue Supply
Blackberry Cobbler BHO Shatter [NW KIND] ,NW KIND,69.22%,0%,$25,1 g,Virtue Supply
THC Bomb 1g Live Resin Diamond Sauce [Budd...,Buddies Brand,71%,0.29%,$60,1 g,Virtue Supply
Purple Hindu Kush 1g Canary Diamonds [The ...,The Lab,74.6%,0.2%,$50,1 g,Virtue Supply
Tangie 1g Live Resin Sauce [The Lab],The Lab,80.7%,0.2%,$50,1 g,Virtue Supply
AC/DC Nitro Live CBD Sauce [Echo Electuary],Echo Electuary,2.2%,54.1%,$16.67,1 g,Virtue Supply
Banana Split Shatter [Artifact],Artifact Extracts,68.21%,0.13%,$20,1 g,Virtue Supply
B. Banner 1g BHO Wax [CBDiscovery],CBDiscovery,73.19%,0%,$20,1 g,Virtue Supply
Sour Amnesia 1g BHO Wax [CBDiscovery],CBDiscovery,67.11%,0%,$75,1 g,Virtue Supply
Ice Cream Cake 6Star 90u Rosin 1g [Happy C...,Happy Cabbage Farms,68.8%,0.43%,$15,1 g,Virtue Supply
Purple Glue 1g Live Resin [Portland Extrac...,Portland Extracts,71%,1.7%,$15,1 g,Virtue Supply
Purple Punch 1g Live Resin [Portland Extra...,Portland Extracts,74.78%,0.11%,$15,1 g,Virtue Supply
Strawberry Bubba 1g Shatter [Portland Extr...,Portland Extracts,75%,1.1%,$15,1 g,Virtue Supply
Lemon Kush 1g Shatter [Portland Extracts],Portland Extracts,72.78%,0%,$15,1 g,Virtue Supply
DB Cooper 1g Live Resin [Portland Extracts],Portland Extracts,72.19%,0.07%,$15,1 g,Virtue Supply
Pineapple Express 1g Live Resin,Portland Extracts,80.13%,0.14%,$16.67,1 g,Virtue Supply
MAC 1g Shatter [Artifact Extracts],Artifact Extracts,67.75%,0%,$15,1 g,Virtue Supply
OG18 1G Live Resin [Claywolf],Claywolf,67.7%,0.18%,$15,1 g,Virtue Supply
White Tahoe C. 1G Live Resin [Claywolf],Claywolf,67.4%,0.14%,$20,1 g,Virtue Supply
SFV OG 1g shatter [Willamette Valley Alche...,Willamette Valley Alchemy,72.11%,0%,$25,1 g,Virtue Supply
Sour Kush X Granola Funk 1g Living Dead Re...,Willamette Valley Alchemy,72.2%,0%,$40,1 g,Virtue Supply
Sunset Punch R&S 1g [Artifact Extracts],Artifact Extracts,77.28%,0%,$40,1 g,Virtue Supply
Tangie 1g Live Resin,Dirty Arm Farm,53.94%,2.69%,,,Virtue Supply
Sour Diesel Terp Sugar Live Resin [Funk Ex...,Funk Extracts,71.32%,0.12%,$50,1 g,Virtue Supply
Albino Glue Shatter [Funk Extracts],Funk Extracts,68.18%,0.24%,$25,1 g,Virtue Supply
GSC 1g Terp Jelly [Winberry],Winberry Farms,57.9%,0%,$30,1 g,Virtue Supply
OG Chem Live Sauce [Artifact],Artifact Extracts,72.58%,1.2%,$30,1 g,Virtue Supply
Slymer Full Melt Ice Hash [Stumptown] ,Stumptown Extracts ,50.91%,0.11%,$16.67,1 g,Virtue Supply
Lemon OG Sugar Wax [Lunchbox] ,Lunchbox Alchemy,64.13%,0%,$20,1 g,Virtue Supply
Memory Loss Shatter [Lunchbox] ,Lunchbox Alchemy,64.46%,0%,$20,1 g,Virtue Supply
Yeti Sour Diesel.5g  [DabTabs],DabTabs,61.2%,2.8%,$25,½ g,Virtue Supply
Zkittlez Diamond in Sauce [Artifact] ,Artifact Extracts,62.2%,0.16%,$30,1 g,Virtue Supply
Summer Sunset Snap and Pull BHO [Oregrown],Oregrown,61.9%,0%,$30,1 g,Virtue Supply
Berry Mimosa Nectar [Oregrown],Oregrown,61.9%,0%,$30,1 g,Virtue Supply
South Fork Kush # 56 Terps on the Rocks [E...,Echo Electuary,73.1%,0%,$50,1 g,Virtue Supply
Tahoe Sunset Wax [Bee Hive] ,Bee Hive Extracts,73.4%,0.6%,$15,1 g,Virtue Supply
Three Kings x Tangie Diamonds [Oregon Gene...,O.G. Cannabis,56.05%,0.21%,$40,1 g,Virtue Supply
Yeti Sour Diesel 1g  [DabTabs],DabTabs,61.2%,2.8%,$50,1 g,Virtue Supply
Pineapple Express Rosin [Grasse] ,Grasse,70.8%,0.24%,$50,1 g,Virtue Supply
Presidential Kush x White 99 Honeycomb [Wh...,White Label Extracts,82.44%,0%,$20,1 g,Virtue Supply
SFV x Chemdawg Diamonds [Oregon Genetics] ,O.G. Cannabis,67.43%,0.15%,$40,1 g,Virtue Supply
Pale Dawg Shatter [Willamette Valley Alche...,Willamette Valley Alchemy,77.3%,0%,$20,1 g,Virtue Supply
Piehoe Shatter [Echo Electuary] ,Echo Electuary,77.6%,0%,$30,1 g,Virtue Supply
Monkey Balls Live Resin Cake Batter [White...,White Label Extracts,83.56%,0%,$20,1 g,Virtue Supply
Now N Laters Diamonds [Bobsled],Bobsled,74.42%,0.11%,$35,1 g,Virtue Supply
OG Kush Shatter 1g [Mana Extracts],Mana Extracts,72.29%,0.11%,$20,1 g,Virtue Supply
Original Glue (f.k.a. GG4) Live Resin [O.G...,O.G. Cannabis,65.48%,0.13%,$25,1 g,Virtue Supply
Original Glue (f.k.a. GG4) Rosin [Grasse] ,Grasse,69.5%,0%,$50,1 g,Virtue Supply
GMO Cookies Sugar Wax 1g [Mana Extracts],Mana Extracts,79.57%,1.72%,$20,1 g,Virtue Supply
Golden Pineapple NR Sauce [Bee Hive] ,Bee Hive Extracts,64.8%,2.9%,$15,1 g,Virtue Supply
Katsu Bubba Kush Shatter [White Label] ,White Label Extracts,80.03%,0%,$20,1 g,Virtue Supply
Lemon Drop 1g Live Resin [Buddies] ,Buddies Brand,76.6%,0.31%,$25,1 g,Virtue Supply
Margarita Punch 1st Pulls Hash Rosin  [Hap...,Happy Cabbage Farms,80%,1.5%,$64.17,1 g,Virtue Supply
Chem Face OG Zombee Sauce [Echo Electuary],Echo Electuary,78.1%,0%,$40,1 g,Virtue Supply
Citrus Farmer Diamonds [White Label Extrac...,White Label Extracts,83.1%,0%,$40,1 g,Virtue Supply
Dosi Dough Live Sauce [Willamette Valley],Willamette Valley Alchemy,69.2%,0%,$40,1 g,Virtue Supply
Do-si-Dos 1G Shatter [Lunchbox],Lunchbox Alchemy,68.2%,0%,$20,1 g,Virtue Supply
Dream Queen .5g [DabTabs],DabTabs,70.6%,1.3%,$25,½ g,Virtue Supply
Dream Queen 1g [DabTabs],DabTabs,70.6%,1.3%,$50,1 g,Virtue Supply
Fruit Cake 1g Live Resin [Dirty Arm Farm],Dirty Arm Farm,57.2%,0%,$40,1 g,Virtue Supply
Honey Melon Haze 1g Live Resin [CBDiscovery],CBDiscovery,71.26%,0%,$20,1 g,Virtue Supply
Cookie Dawg 1g BHO [CBDiscovery],CBDiscovery,"",0%,$16.67,1 g,Virtue Supply
Chiesel 1g BHO [CBDiscovery],CBDiscovery,69.85%,0%,$45,1 g,Virtue Supply
Blue Cheese Diamonds [Bobsled] ,Bobsled,77.72%,0%,$35,1 g,Virtue Supply
Bubba Skunk .5g [DabTabs],DabTabs,71.9%,1.58%,$25,½ g,Virtue Supply
Bubba Skunk 1g [DabTabs],DabTabs,71.9%,1.58%,$50,1 g,Virtue Supply
Garlic Cookies 1g Live Resin,Dirty Arm Farm,77.68%,3.88%,$40,1 g,Virtue Supply
Lemon Crippler 1g Live Resin,Dirty Arm Farm,44.9%,2.24%,$40,1 g,Virtue Supply
Wook!e Girl 91,White Label Extracts,75.84%,0%,$25,½ gram,Nectar - Mississippi
Sour Tangie,Willamette Valley Alchemy,72.62%,0%,$25,1 gram,Nectar - Mississippi
Dream Queen,HUSH Canna,61.2%,0.645%,$25,1 gram,Nectar - Mississippi
Strawberry M,HUSH Canna,63.1%,1.11%,$25,1 gram,Nectar - Mississippi
Fire Alien Urkle,DabTabs,63.9%,0%,$25,1 gram,Nectar - Mississippi
Rude Boi nectar,Oregrown,63.8%,0.2%,$20,1 gram,Nectar - Mississippi
Fire Alien Urkle,DabTabs,63.9%,0%,$20,1 gram,Nectar - Mississippi
Lemon J1,NW KIND,70.27%,0%,$25,1 gram,Nectar - Mississippi
Diesel Cooks BHO,Oregrown,68.4%,0%,$17,1 gram,Nectar - Mississippi
Diesel Cooks Nectar,Oregrown,63.9%,0%,$17,1 gram,Nectar - Mississippi
Lavender -Gold Label,Oregon Grown Extractions,75.7%,0%,$13,1 gram,Nectar - Mississippi
Pineapple Express -Gold Label,Oregon Grown Extractions,76%,0.3%,$13,1 gram,Nectar - Mississippi
Agent Orange -Gold Label,Oregon Grown Extractions,78.1%,0.2%,$13,1 gram,Nectar - Mississippi
Acapulco Gold,OG Cannabis ,63.31%,0.2%,$25,½ gram,Nectar - Mississippi
UK Cheese x Green Crack,Dark Star,78.9%,0%,$50,1 gram,Nectar - Mississippi
Agent Orange Nug Run -Black Label,Oregon Grown Extractions,82%,0.5%,$13,1 gram,Nectar - Mississippi
Bubba 99 - Shatter,White Label Extracts,78.93%,0%,$25,½ gram,Nectar - Mississippi
Queso Perro x Presidential - Honey Comb,White Label Extracts,74.91%,0%,$50,1 gram,Nectar - Mississippi
Sour Tangie x Grape Stomper - Shatter,White Label Extracts,81.01%,0%,$25,½ gram,Nectar - Mississippi
Cook!e Dough Sugar Sauce,White Label Extracts,72.13%,0%,$24,1 gram,Nectar - Mississippi
White Tahoe Cooks Sugar Sauce,White Label Extracts,74.25%,0%,$24,1 gram,Nectar - Mississippi
Presidential Kush Shatter,White Label Extracts,82.44%,0%,$20,1 gram,Nectar - Mississippi
Golden Gorilla Caviar,Oregrown,77.4%,0%,$20,1 gram,Nectar - Mississippi
Chem Dawg #4 Sugar Sauce,White Label Extracts,68.38%,0%,$20,1 gram,Nectar - Mississippi
Vortex LR Sauce,Buddies Brand,76.3%,0.37%,$20,1 gram,Nectar - Mississippi
Mandarin Cooks Diamonds,Oregrown,85%,0%,$20,1 gram,Nectar - Mississippi
Pineapple Chunk,DabTabs,68.4%,0%,$35,1 gram,Nectar - Mississippi
Alien Rift BHO,Oregrown,60.7%,0%,$35,1 gram,Nectar - Mississippi
Huckleberry Diesel NR -Black Label,Oregon Grown Extractions,75.7%,0.2%,$20,1 gram,Nectar - Mississippi
The Vision - shatter,White Label Extracts,73.55%,0%,$20,1 gram,Nectar - Mississippi
White 99 - Honeycomb,White Label Extracts,75.48%,0%,$20,1 gram,Nectar - Mississippi
Scott's OG WPR Shatter,White Label Extracts,78.83%,0%,$16,1 gram,Nectar - Mississippi
Mickey Kush,NW KIND,71.3%,0%,$16,1 gram,Nectar - Mississippi
Purple Punch,NW KIND,73.88%,0%,$16,1 gram,Nectar - Mississippi
Zkittles,NW KIND,72.6%,0%,$16,1 gram,Nectar - Mississippi
Orange Fire Sugar Sauce,White Label Extracts,75.74%,0%,$13,1 gram,Nectar - Mississippi
The Doctor,White Label Extracts,78.63%,0%,$13,1 gram,Nectar - Mississippi
Blue Magoo Honey Comb,White Label Extracts,69.69%,0.15%,$10,1 gram,Nectar - Mississippi
Banana Split Suagr Sauce LR,White Label Extracts,72.76%,0%,$10,1 gram,Nectar - Mississippi
XJ Zkittle Snack,NW KIND,70.19%,0%,$25,1 gram,Nectar - Mississippi
Scouts Honor,NW KIND,70.3%,0%,$17,1 gram,Nectar - Mississippi
Forum x Huckleberry Diesel,NW KIND,72.48%,0%,$17,1 gram,Nectar - Mississippi
Blueberry Cheesecake,NW KIND,69.98%,0%,$17,1 gram,Nectar - Mississippi
Sunset Sherbert,NW KIND,70.8%,0%,$17,1 gram,Nectar - Mississippi
XJ-13,NW KIND,73.2%,0%,$20,1 gram,Nectar - Mississippi
J-1,NW KIND,68.29%,0%,$20,1 gram,Nectar - Mississippi
Oaxacan Jager,NW KIND,69.4%,0.84%,$20,1 gram,Nectar - Mississippi
Dream Time,NW KIND,71.3%,0%,$20,1 gram,Nectar - Mississippi
Walermelon Zkittles Shatter,Willamette Valley Alchemy,75.6%,0%,$20,1 gram,Nectar - Mississippi
Moon Puppies Shatter,Willamette Valley Alchemy,79.28%,0%,$20,1 gram,Nectar - Mississippi
Platinum Kush Breath Live Sauce,Willamette Valley Alchemy,71.8%,0%,$20,1 gram,Nectar - Mississippi
Durban Poison/Mendo Breath Diamonds,OG Cannabis ,65.89%,0.16%,$20,1 gram,Nectar - Mississippi
THC-A,OG Cannabis ,83.81%,0%,$20,1 gram,Nectar - Mississippi
Amherst Sour Diesel (Sugar Sauce),White Label Extracts,75.35%,0%,$20,1 gram,Nectar - Mississippi
Huckleberry Diesel NR -Gold Label,Oregon Grown Extractions,71.9%,0%,$20,1 gram,Nectar - Mississippi
Lady Daze (Sugar Sauce),White Label Extracts,73.24%,0%,$20,1 gram,Nectar - Mississippi
Skunk,Dark Star,68.58%,0%,$20,1 gram,Nectar - Mississippi
South Fork Kush (Sugar Sauce),White Label Extracts,71.05%,0%,$20,1 gram,Nectar - Mississippi
Tangie,NW KIND,69.56%,0%,$20,1 gram,Nectar - Mississippi
Watermelon Zkittles (shatter),Willamette Valley Alchemy,75.6%,0%,$20,1 gram,Nectar - Mississippi
Cinex LR,OG Cannabis ,67.48%,0.13%,$30,1 gram,Nectar - Mississippi
Citrus Farmer (Live Resin),White Label Extracts,76.99%,0%,$30,1 gram,Nectar - Mississippi
Fresh Squeezed OG (Live Resin),White Label Extracts,75.02%,0%,$40,1 gram,Nectar - Mississippi
Bubble Hash -  Live Rosin,Permaculture Solutions,68.86%,0.15%,$40,1 gram,Nectar - Mississippi
Berry Granddaddy Purp,Gold Moon,76.3%,0%,$30,1 gram,Nectar - Mississippi
Mandarin Madness Silver Haze,Gold Moon,75.4%,0%,$30,1 gram,Nectar - Mississippi
Meteorite INDICA 1.25g,Astronoma PDX,0%,0%,$20,1 gram,Nectar - Mississippi
Pineapple Trainwreck,Gold Moon,76.3%,0%,$20,1 gram,Nectar - Mississippi
Tropical Knockout (sativa),Gold Moon,75.4%,0%,$16,1 gram,Nectar - Mississippi
C&C,NW KIND,67.4%,0%,$16,1 gram,Nectar - Mississippi
Love Bucket Terp Sugar NR,Buddies Brand,55.5%,0%,$20,1 gram,Nectar - Mississippi
Meteorite SATIVA 1.25g,Astronoma PDX,39.6%,0%,$20,1 gram,Nectar - Mississippi
PAX Pod: Northern Lights x Afghani  (0.5g ...,PAX,69.1%,0%,$30,½ g,Botanica - SE 12th
PAX Pod: Pal-Patine (0.5g LIVE RESIN),PAX,71.9%,0.41%,$30,½ g,Botanica - SE 12th
PAX Pod:  Sour Tsunami x Church (0.5g LIVE...,PAX,13%,53.6%,$30,½ g,Botanica - SE 12th
SFV OG ( Sugar Tree Farms): 1g shatter,Unknown Brand,63.8%,0%,$10,1 g,Botanica - SE 12th
C.Land ( Sugar Tree Farms): 1g shatter,Unknown Brand,64.6%,0%,$10,1 g,Botanica - SE 12th
Blue Skittlez ( Sugar Tree Farms): 1g shat...,Unknown Brand,0%,0%,$10,1 g,Botanica - SE 12th
Lucky Lemons ( Sugar Tree Farms): 1g shatter,Unknown Brand,0%,0%,$10,1 g,Botanica - SE 12th
Lucid Blue ( Sugar Tree Farms): 1g shatter,Unknown Brand,74%,0%,$10,1 g,Botanica - SE 12th
Forbidden Fruit ( Sugar Tree Farms): 1g sh...,Unknown Brand,64.7%,0%,$10,1 g,Botanica - SE 12th
Buddies Brand - 1g Distillate BLUEBERRY KO...,Unknown Brand,84.6%,0%,$32,1 g,Botanica - SE 12th
Buddies Brand - Dimond Sauce / Live Resin,Buddies Brand,76.2%,0.4%,$25,1 g,Botanica - SE 12th
Buddies Brand - Fresh Frozen / Live Resin ...,Buddies Brand,0%,0%,$25,1 g,Botanica - SE 12th
Farmers Friend - 0.50g Yeti Cartridge *SALE,Unknown Brand,71.64%,0.21%,$15,½ g,Botanica - SE 12th
Farmers Friend - 0.50g Mr. Banner Cartridg...,Unknown Brand,71.76%,0.28%,$15,½ g,Botanica - SE 12th
Farmers Friend - 1g Sour Diesel Cartridge ...,Unknown Brand,73.68%,0.16%,$22.5,1 g,Botanica - SE 12th
Farmers Friend - 1g Lemon Cookie Cartridge...,Unknown Brand,80.82%,0.22%,$22.5,1 g,Botanica - SE 12th
Farmers Friend - 1g Jaeger Cartridge *SALE,Unknown Brand,67.85%,0.56%,$22.5,1 g,Botanica - SE 12th
Farmers Friend - 1g Captain Crunch Cartrid...,Unknown Brand,75.47%,0.24%,$22.5,1 g,Botanica - SE 12th
Farmers Friend - 1g Canna Snoop Cartridge ...,Unknown Brand,65.5%,11.12%,$22.5,1 g,Botanica - SE 12th
Dr. Jolly's Brand - 1g Distillate White Ta...,Unknown Brand,70.34%,0.36%,$35,1 g,Botanica - SE 12th
Dr. Jolly's Brand - 1g Distillate Rude Boi...,Unknown Brand,72%,0.5%,$35,1 g,Botanica - SE 12th
Dr. Jolly's Brand - 1g Distillate Pineappl...,Unknown Brand,71.74%,0.25%,$35,1 g,Botanica - SE 12th
Dr. Jolly's Brand - 1g Distillate Glue Car...,Unknown Brand,71.74%,0.25%,$35,1 g,Botanica - SE 12th
Dr. Jolly's Brand - 1g Distillate Dogwalke...,Unknown Brand,73.3%,0.4%,$35,1 g,Botanica - SE 12th
Dr. Jolly's Brand - 1g Distillate Crater L...,Unknown Brand,75.41%,0.32%,$35,1 g,Botanica - SE 12th
Buddies Brand - 0.5g Distillate Sour Sherb...,Buddies Brand,93.6%,0%,$20,½ g,Botanica - SE 12th
Buddies Brand - 0.5g Distillate Sour Herer...,Buddies Brand,90.05%,0%,$20,½ g,Botanica - SE 12th
Buddies Brand - 0.5g Distillate Sour Candy...,Buddies Brand,88.9%,0%,$20,½ g,Botanica - SE 12th
Buddies Brand - 0.5g Distillate Samoa Cook...,Buddies Brand,92.1%,0%,$20,½ g,Botanica - SE 12th
Buddies Brand - 0.5g Distillate Krunch Ber...,Buddies Brand,89.5%,1.34%,$20,½ g,Botanica - SE 12th
Buddies Brand - 0.5g Distillate Haze Berry...,Buddies Brand,80.04%,0%,$20,½ g,Botanica - SE 12th
Buddies Brand - 0.5g Distillate Gorilla Ko...,Buddies Brand,91.7%,0%,$20,½ g,Botanica - SE 12th
Buddies Brand - 0.5g Distillate Alaska Thu...,Buddies Brand,89.6%,0%,$20,½ g,Botanica - SE 12th
Buddies Brand - 1g Distillate White Widow ...,Buddies Brand,90.03%,0%,$35,1 g,Botanica - SE 12th
Buddies Brand - 1g Distillate Sour Diesel ...,Buddies Brand,91.8%,0%,$35,1 g,Botanica - SE 12th
Buddies Brand - 1g Distillate Sour Candy A...,Buddies Brand,88.9%,0%,$35,1 g,Botanica - SE 12th
Buddies Brand - 1g Distillate Kookie Face ...,Buddies Brand,92.7%,0%,$35,1 g,Botanica - SE 12th
Buddies Brand - 1g Distillate Heavy Duty F...,Buddies Brand,91%,0%,$35,1 g,Botanica - SE 12th
Buddies Brand - 1g Distillate Haze Berry C...,Buddies Brand,80.4%,0%,$35,1 g,Botanica - SE 12th
Buddies Brand - 1g Distillate Hammerhead C...,Buddies Brand,91.8%,0%,$35,1 g,Botanica - SE 12th
Shadowbox Farms - 1g FAT Purple Cartridge,Unknown Brand,69%,0%,$40,1 g,Botanica - SE 12th
Shadowbox Farms - 1g Cookies & Cream Cartr...,Unknown Brand,72%,0%,$40,1 g,Botanica - SE 12th
Shadowbox Farms - 1g Cherry Chem Cartridge,Unknown Brand,67%,0.02%,$40,1 g,Botanica - SE 12th
Shadowbox Farms - 1g Blue Dream Cartridge,Unknown Brand,78%,0%,$40,1 g,Botanica - SE 12th
Shadowbox Farms - 1g Black Lime Special Re...,Unknown Brand,69%,0%,$40,1 g,Botanica - SE 12th
Buddies Brand - 1g Distillate Berry Bomb C...,Buddies Brand,90.5%,0%,$35,1 g,Botanica - SE 12th
Buddies Brand - 1g Distillate Alien Orange...,Buddies Brand,88.7%,0%,$35,1 g,Botanica - SE 12th
Buddies Brand - 1g Distillate Ace of Spade...,Buddies Brand,92%,0%,$35,1 g,Botanica - SE 12th
Shadowbox Farms - 1g White Cookies Cartridge,Unknown Brand,75%,0%,$40,1 g,Botanica - SE 12th
Shadowbox Farms - 1g Sherbert Cartridge,Unknown Brand,74%,0%,$40,1 g,Botanica - SE 12th
Shadowbox Farms - 1g Jaeger Cartridge,Unknown Brand,69%,0%,$40,1 g,Botanica - SE 12th
Farmers Friend - 1g Silver Bubster Cartrid...,Unknown Brand,66.51%,0.18%,$22.5,1 g,Botanica - SE 12th
Farmers Friend - 1g Powerstroke Cartridge ...,Unknown Brand,81.34%,0.26%,$22.5,1 g,Botanica - SE 12th
Farmers Friend - 1g Ogre Cartridge *SALE,Unknown Brand,68.02%,0.19%,$22.5,1 g,Botanica - SE 12th
Farmers Friend - 1g Moondog Cartridge *SALE,Unknown Brand,63.49%,0.47%,$22.5,1 g,Botanica - SE 12th
Farmers Friend - 1g Medi-Haze Cartridge *S...,Unknown Brand,30.62%,44.12%,$22.5,1 g,Botanica - SE 12th
Farmers Friend - 1g Lemon OG Cartridge *SALE,Unknown Brand,77.01%,0.19%,$22.5,1 g,Botanica - SE 12th
Farmers Friend - 1g Incredible Bulk Cartri...,Unknown Brand,51.55%,23.22%,$22.5,1 g,Botanica - SE 12th
Farmers Friend - 1g Berry Kush Cake Cartri...,Unknown Brand,63.05%,0.22%,$22.5,1 g,Botanica - SE 12th
Farmers Friend - 1g White Lightening Cartr...,Unknown Brand,76.07%,0.23%,$22.5,1 g,Botanica - SE 12th
Farmers Friend - 0.50g White Lightening Ca...,Unknown Brand,76.07%,0.23%,$15,½ g,Botanica - SE 12th
Farmers Friend - 0.50g Purple Diesel Cartr...,Unknown Brand,70.43%,1.63%,$15,½ g,Botanica - SE 12th
Farmers Friend - 0.50g Parlour Blend Cartr...,Unknown Brand,72.28%,0%,$15,½ g,Botanica - SE 12th
Farmers Friend - 1g Mr. Banner Cartridge *...,Unknown Brand,71.76%,0.18%,$22.5,1 g,Botanica - SE 12th
Farmers Friend - 0.50g Monster Cookies Car...,Unknown Brand,77.81%,0.18%,$15,½ g,Botanica - SE 12th
Farmers Friend - 0.50g Marmalade Cartridge...,Unknown Brand,70.47%,0.33%,$15,½ g,Botanica - SE 12th
Farmers Friend - 0.50g Gorilla City OG Car...,Unknown Brand,68.86%,0.27%,$15,½ g,Botanica - SE 12th
Farmers Friend - 0.50g Chem Valley Kush Ca...,Unknown Brand,77.3%,0.31%,$15,½ g,Botanica - SE 12th
Farmers Friend - 0.50g Captain Crunchberry...,Unknown Brand,75.47%,0.24%,$15,½ g,Botanica - SE 12th
"Dr. Jolly's ""Terp Sticks"" - Crater Lake 0....",Unknown Brand,0%,0%,$30,½ g,Botanica - SE 12th
Farmers Friend - 0.50g Blue City Diesel Ca...,Unknown Brand,64.6%,0.13%,$15,½ g,Botanica - SE 12th
Green Dragon - Distillate AC/DC Cartridge,Unknown Brand,9.94%,66.3%,$40,1 g,Botanica - SE 12th
"Dr. Jolly's ""Terp Sticks"" - Jet Fuel 0.50g...",Unknown Brand,0%,0%,$30,½ g,Botanica - SE 12th
Farmers Friend - 0.50g Canna-Snoop Cartrid...,Unknown Brand,0%,0%,$15,½ g,Botanica - SE 12th
​Green Dragon - 0.25g CO2 Disposable Vapor...,Green Dragon Extracts,0%,0%,$16.67,MED - 1/4 Gram,Botanica - SE 12th
Buddies Brand - Activated Distilled Cannab...,Buddies Brand,0%,0%,$30,1 g,Botanica - SE 12th
Buddies Brand - Nug Run / Terp Sugar (Vari...,Buddies Brand,0%,0%,$20,1 g,Botanica - SE 12th
PAX Pod:  Mint GSC  (0.5g LIVE RESIN),PAX,68.6%,0%,$30,½ g,Botanica - SE 12th
